ID,TF,relScore,absScore,siteSeqs,class
MA0021.1,Dof3,1,9.49856316761974,AAAGCG,C2H2 zinc finger factors
MA0064.1,PBF,1,8.92137485370171,AAAGC,C2H2 zinc finger factors
MA0064.1,PBF,1,8.92137485370171,AAAGC,C2H2 zinc finger factors
MA0932.1,AHL12,1,11.5356217521975,AATTAATT,A.T hook factors
MA0932.1,AHL12,1,11.5356217521975,AATTAATT,A.T hook factors
MA0934.1,AHL25,1,12.7488383591733,AATTAATT,A.T hook factors
MA0934.1,AHL25,1,12.7488383591733,AATTAATT,A.T hook factors
MA0951.1,ATHB-16,1,14.4205503115169,TAATAATT,Homeo domain factors
MA0982.1,DOF2.4,1,8.34148019725838,AAAAAGT,C2H2 zinc finger factors
MA1202.1,AGL55,1,11.7909631097166,TCACCA,MADS box factors
MA1380.1,AT2G20110,1,23.4570822622249,TTTTAAATTTTTTAA,Other
MA1327.2,ATHB23,1,15.962136412398,TTAATTAATT,Homeo domain factors
MA0053.1,MNB1A,1,8.99636826894584,AAAGC,C2H2 zinc finger factors
MA0053.1,MNB1A,1,8.99636826894584,AAAGC,C2H2 zinc finger factors
MA0952.1,ATHB-51,1,14.1834478657473,AATTATTG,Homeo domain factors
MA0932.1,AHL12,0.99922929661151,11.4973985351439,AATTATTT,A.T hook factors
MA0932.1,AHL12,0.99922929661151,11.4973985351439,AAATAATT,A.T hook factors
MA0932.1,AHL12,0.99922929661151,11.4973985351439,AAATAATT,A.T hook factors
MA0932.1,AHL12,0.99922929661151,11.4973985351439,AATTATTT,A.T hook factors
MA0983.1,DOF5.6,0.998680306617453,8.91974550390793,AAAAAAGT,C2H2 zinc finger factors
MA1093.1,WRKY75,0.998663253377938,12.4629662342146,CAGTCAAC,WRKY
MA1071.1,DOF5.3,0.997101414574833,7.4479583954589,AAAAAAG,C2H2 zinc finger factors
MA1071.1,DOF5.3,0.997101414574833,7.4479583954589,CAAAAAG,C2H2 zinc finger factors
MA0020.1,Dof2,0.992989430793172,9.4065192994828,AAAGCC,C2H2 zinc finger factors
MA0989.1,PHYPADRAFT_153324,0.992863680909897,8.97093188394949,AAAAAAGTT,C2H2 zinc finger factors
MA0983.1,DOF5.6,0.992770239779592,8.71954628057161,AATAAAGT,C2H2 zinc finger factors
MA0021.1,Dof3,0.991737271141076,9.18368983026633,AAAGTG,C2H2 zinc finger factors
MA0021.1,Dof3,0.991737271141076,9.18368983026632,AAAGTG,C2H2 zinc finger factors
MA0021.1,Dof3,0.991737271141076,9.18368983026632,AAAGTG,C2H2 zinc finger factors
MA1327.2,ATHB23,0.991721900664614,15.2083986422889,ATAATTAATT,Homeo domain factors
MA0982.1,DOF2.4,0.990777218912596,8.0826371205773,ATAAAGT,C2H2 zinc finger factors
MA1030.1,P0510F09.23,0.990193798392471,10.9606191768956,AAACCTAAAT,Tryptophan cluster factors
MA0981.1,DOF1.8,0.988321733324193,8.25995392100225,AATAAAGTAA,C2H2 zinc finger factors
MA1071.1,DOF5.3,0.988284264056986,7.18943218806875,AATAAAG,C2H2 zinc finger factors
MA1071.1,DOF5.3,0.988284264056986,7.18943218806875,AATAAAG,C2H2 zinc finger factors
MA1071.1,DOF5.3,0.988284264056986,7.18943218806874,AATAAAG,C2H2 zinc finger factors
MA1275.1,AT1G47655,0.987737668022253,13.6318453687459,AAATAAAGTAA,C2H2 zinc finger factors
MA1379.1,SOL1,0.986791015889464,22.3156000800863,TTAAAAAATTTAAAA,Other
MA1212.1,ATHB13,0.986637880708957,15.1183930548766,TTAATAATTAT,Homeo domain factors
MA1684.1,Foxn1,0.986411288939066,8.96621383148877,AGAAGC,Fork head / winged helix factors
MA1030.1,P0510F09.23,0.986399255172022,10.7693213207989,AGCCCTAATT,Tryptophan cluster factors
MA0987.1,PHYPADRAFT_140773,0.985602297286265,8.19943370881572,AATAAAGTAA,C2H2 zinc finger factors
MA1201.1,AGL42,0.985378317989598,11.9724048572388,CATCATT,MADS box factors
MA1022.1,PHYPADRAFT_38837,0.985264567455611,8.69711188835972,AAAAAAGTTC,C2H2 zinc finger factors
MA0021.1,Dof3,0.985059027254258,8.92919752194961,AAAGCC,C2H2 zinc finger factors
MA1017.1,GATA8,0.984776087997354,9.65952847055148,AAGATCTAG,Other C4 zinc finger-type factors
MA1211.1,ATHB18,0.984665575564851,14.4723140965932,CTAATTATTGT,Homeo domain factors
MA1033.1,OJ1058_F05.8,0.984460828872731,13.3118246049991,CCACGTGG,Basic leucine zipper factors (bZIP)
MA1033.1,OJ1058_F05.8,0.984460828872731,13.3118246049991,CCACGTGG,Basic leucine zipper factors (bZIP)
MA1327.2,ATHB23,0.98439929958706,14.5416609306502,TTAATTAATC,Homeo domain factors
MA1388.1,AT3G24120,0.984288549383446,10.83237253263,GGAATATA,Other
MA1684.1,Foxn1,0.983263801345682,8.69491860491624,TGAAGC,Fork head / winged helix factors
MA0933.1,AHL20,0.983035404927267,12.2269942701338,AATTAATT,A.T hook factors
MA0933.1,AHL20,0.983035404927266,12.2269942701338,AATTAATT,A.T hook factors
MA0562.1,PIF5,0.982776456957237,12.7238034774163,CCACGTGG,Basic helix-loop-helix factors (bHLH)
MA0562.1,PIF5,0.982776456957237,12.7238034774163,CCACGTGG,Basic helix-loop-helix factors (bHLH)
MA0987.1,PHYPADRAFT_140773,0.982599749768317,8.10910843905693,AAAAAAGTTC,C2H2 zinc finger factors
MA0953.1,ATHB-6,0.982587443391444,10.442203625564,ACAATAATT,Homeo domain factors
MA1078.1,WRKY2,0.982411132939946,11.5052462518122,CAGTCAAC,WRKY
MA0568.1,MYC3,0.982316027437301,11.3764088063085,CCACGTGG,Basic helix-loop-helix factors (bHLH)
MA0568.1,MYC3,0.982316027437301,11.3764088063085,CCACGTGG,Basic helix-loop-helix factors (bHLH)
MA1081.1,WRKY25,0.981451411480679,12.2698216910791,CAGTCAAC,WRKY
MA0981.1,DOF1.8,0.981336512532269,8.07004204338439,AAAAAAGTTC,C2H2 zinc finger factors
MA0989.1,PHYPADRAFT_153324,0.981195468030639,8.55699337298632,AATAAAGTA,C2H2 zinc finger factors
MA0951.1,ATHB-16,0.981045702762268,12.6852020886422,CAATAATT,Homeo domain factors
MA1071.1,DOF5.3,0.980437326561105,6.95935343571766,ATAAAAG,C2H2 zinc finger factors
MA0956.1,BEE2,0.980087786177996,9.96600982815879,TCCACGTGGT,Basic helix-loop-helix factors (bHLH)
MA0956.1,BEE2,0.980087786177996,9.96600982815879,ACCACGTGGA,Basic helix-loop-helix factors (bHLH)
MA0561.1,PIF4,0.979932268933247,12.4953812809464,CACGTGGA,Basic helix-loop-helix factors (bHLH)
MA1061.1,SPT,0.979541464443011,11.8110007871815,ACCACGTGG,Basic helix-loop-helix factors (bHLH)
MA0932.1,AHL12,0.979250542012832,10.5065474698838,AAAAAATT,A.T hook factors
MA0932.1,AHL12,0.979250542012832,10.5065474698838,AAAAAATT,A.T hook factors
MA0932.1,AHL12,0.979250542012832,10.5065474698838,AAAAAATT,A.T hook factors
MA0932.1,AHL12,0.979250542012832,10.5065474698838,AATTTTTT,A.T hook factors
MA0932.1,AHL12,0.979250542012832,10.5065474698838,AATTTTTT,A.T hook factors
MA0932.1,AHL12,0.979250542012832,10.5065474698838,AATTTTTT,A.T hook factors
MA1276.1,AT3G52440,0.979138210982342,13.4764725415965,AATAAAGTAAA,C2H2 zinc finger factors
MA1328.1,ATHB34,0.979135938421681,17.5019991843602,TTTCATAATTAATTA,Homeo domain factors
MA1071.1,DOF5.3,0.978924020084106,6.91498202759372,GCAAAAG,C2H2 zinc finger factors
MA1161.1,TSO1,0.978579122087666,21.4384629241436,ATTAAAAAATTTAAA,Other
MA0932.1,AHL12,0.978479838624342,10.4683242528302,AAAAATTT,A.T hook factors
MA0932.1,AHL12,0.978479838624342,10.4683242528302,AAATTTTT,A.T hook factors
MA1088.1,WRKY48,0.978403123037394,9.03316724999744,ACAGTCAACA,WRKY
MA1326.1,ZHD5,0.977880448865792,13.3104566409937,TCATAATTAAT,Homeo domain factors
MA0021.1,Dof3,0.976796298395334,8.6143241845962,AAAGTA,C2H2 zinc finger factors
MA0021.1,Dof3,0.976796298395334,8.61432418459619,AAAGTA,C2H2 zinc finger factors
MA0973.1,CDF2,0.976366900543986,11.7035415279472,AAAAAAGTTC,C2H2 zinc finger factors
MA1212.1,ATHB13,0.976207906243835,14.1779561265798,ACAATAATTAG,Homeo domain factors
MA1397.1,At1g74840,0.975935673651439,14.3243736690183,ATTGGATAAGC,Helix-Turn-Helix
MA0989.1,PHYPADRAFT_153324,0.975573383626819,8.35754575656826,GCAAAAGTA,C2H2 zinc finger factors
MA1015.1,GATA12,0.975326912344425,9.76478414460649,TAGATCTT,Other C4 zinc finger-type factors
MA1015.1,GATA12,0.975326912344425,9.76478414460649,AAGATCTA,Other C4 zinc finger-type factors
MA1015.1,GATA12,0.975326912344425,9.76478414460649,AAGATCTA,Other C4 zinc finger-type factors
MA1015.1,GATA12,0.975326912344425,9.76478414460649,TAGATCTT,Other C4 zinc finger-type factors
MA1061.1,SPT,0.975099246835844,11.50185884725,TCCACGTGG,Basic helix-loop-helix factors (bHLH)
MA1071.1,DOF5.3,0.974518761468426,6.78581617064487,GTTAAAG,C2H2 zinc finger factors
MA1018.1,GATA9,0.974083050449925,13.1178258793834,GCTAGATCTTT,Other C4 zinc finger-type factors
MA0988.1,PHYPADRAFT_143875,0.972899244177304,10.9022115142249,TCCACGTGGT,Basic helix-loop-helix factors (bHLH)
MA0988.1,PHYPADRAFT_143875,0.972899244177304,10.9022115142249,ACCACGTGGA,Basic helix-loop-helix factors (bHLH)
MA1077.1,WRKY18,0.972630984895465,11.2480599287063,ACAGTCAACA,WRKY
MA0953.1,ATHB-6,0.971928965215226,10.015757451367,TTAATAATT,Homeo domain factors
MA0987.1,PHYPADRAFT_140773,0.971681277656515,7.78064937789053,GCAAAAGTAT,C2H2 zinc finger factors
MA1071.1,DOF5.3,0.971620176043258,6.70082722832749,ATTAAAG,C2H2 zinc finger factors
MA1022.1,PHYPADRAFT_38837,0.971250541271681,8.28905741298352,AATAAAGTAA,C2H2 zinc finger factors
MA1215.1,ATHB53,0.971164872954117,15.0427418466126,ACAATAATTAG,Homeo domain factors
MA0977.1,DOF2.5,0.971116148930784,11.2548760494744,AAAAAGTT,C2H2 zinc finger factors
MA1071.1,DOF5.3,0.971019390169669,6.68321168541052,TTTAAAG,C2H2 zinc finger factors
MA0064.1,PBF,0.970912352342099,8.09825261578579,AAAGT,C2H2 zinc finger factors
MA0064.1,PBF,0.970912352342099,8.09825261578579,AAAGT,C2H2 zinc finger factors
MA0064.1,PBF,0.970912352342099,8.09825261578579,AAAGT,C2H2 zinc finger factors
MA0064.1,PBF,0.970912352342099,8.09825261578579,AAAGT,C2H2 zinc finger factors
MA0064.1,PBF,0.970912352342099,8.09825261578579,AAAGT,C2H2 zinc finger factors
MA0064.1,PBF,0.970912352342099,8.09825261578579,AAAGT,C2H2 zinc finger factors
MA0064.1,PBF,0.970912352342099,8.09825261578579,AAAGT,C2H2 zinc finger factors
MA0560.1,PIF3,0.970694053328062,13.2621922087434,GTCCACGTGG,Basic helix-loop-helix factors (bHLH)
MA1014.1,GATA11,0.970458780560211,12.2336491847716,TAGATCTT,Other C4 zinc finger-type factors
MA1014.1,GATA11,0.970458780560211,12.2336491847716,TAGATCTT,Other C4 zinc finger-type factors
MA0977.1,DOF2.5,0.970348134131917,11.2070591145916,ATAAAGTA,C2H2 zinc finger factors
MA1094.1,WRKY8,0.97032398899607,9.91287667593456,CAGTCAACA,WRKY
MA1329.2,ZHD1,0.970225227158595,16.914075544625,TAATTAATTAATC,Homeo domain factors
MA1080.1,WRKY23,0.969682700775973,12.383095858924,AGTCAACA,WRKY
MA0983.1,DOF5.6,0.969381056231192,7.92725466876394,AAAAACGT,C2H2 zinc finger factors
MA1092.1,WRKY63,0.968456614501923,10.9030749740679,CAGTCAAC,WRKY
MA1271.1,DAG2,0.967956226310183,13.4445733765024,AATAAAGTAAA,C2H2 zinc finger factors
MA0987.1,PHYPADRAFT_140773,0.967947881571465,7.66833808007331,AATAAAGGAA,C2H2 zinc finger factors
MA0983.1,DOF5.6,0.967600785015445,7.86694927383384,GCAAAAGT,C2H2 zinc finger factors
MA0983.1,DOF5.6,0.967246661611296,7.85495360061713,AATAAAGG,C2H2 zinc finger factors
MA1209.1,ATHB20,0.966840743279242,14.8801420101874,TTAATAATTAT,Homeo domain factors
MA1071.1,DOF5.3,0.966656161715197,6.55527818784478,AAAAACG,C2H2 zinc finger factors
MA1071.1,DOF5.3,0.966656161715197,6.55527818784478,AAAAACG,C2H2 zinc finger factors
MA1071.1,DOF5.3,0.966656161715197,6.55527818784478,AAAAACG,C2H2 zinc finger factors
MA1071.1,DOF5.3,0.966656161715197,6.55527818784478,CAAAACG,C2H2 zinc finger factors
MA0934.1,AHL25,0.966420056285646,10.8249659984358,AAATAATT,A.T hook factors
MA0934.1,AHL25,0.966420056285646,10.8249659984358,AATTATTT,A.T hook factors
MA0934.1,AHL25,0.966420056285646,10.8249659984358,AATTATTT,A.T hook factors
MA0934.1,AHL25,0.966420056285646,10.8249659984358,AAATAATT,A.T hook factors
MA1039.1,MYB4,0.96578811377105,10.5883673674994,GTTTGGTG,Tryptophan cluster factors
MA1085.2,WRKY40,0.965483299427841,12.0263075295555,ACAGTCAACA,WRKY
MA1078.1,WRKY2,0.965078324886229,10.1617149059707,GGGTCAAT,WRKY
MA1397.1,At1g74840,0.964988825723096,13.4065509947514,AACGGATAAAA,Helix-Turn-Helix
MA0981.1,DOF1.8,0.964941798495544,7.62430796876178,AATAAAGGAA,C2H2 zinc finger factors
MA1211.1,ATHB18,0.964690916890715,12.7361355810841,ATAATTATTAA,Homeo domain factors
MA1017.1,GATA8,0.96432726678066,8.82212580009284,AAGATCTAT,Other C4 zinc finger-type factors
MA1211.1,ATHB18,0.964298558263548,12.7020321388188,ATAATTATTTT,Homeo domain factors
MA0953.1,ATHB-6,0.964272776063614,9.70943299128415,ACAATAATA,Homeo domain factors
MA0951.1,ATHB-16,0.963909565977671,11.1163143507791,AAATAATT,Homeo domain factors
MA0951.1,ATHB-16,0.963909565977671,11.1163143507791,AAATAATT,Homeo domain factors
MA1212.1,ATHB13,0.963369558886163,13.0203640352637,AAAATAATTAT,Homeo domain factors
MA1074.1,UNE10,0.962411886783565,11.0947926332462,CCACGTGG,Basic helix-loop-helix factors (bHLH)
MA1074.1,UNE10,0.962411886783565,11.0947926332462,CCACGTGG,Basic helix-loop-helix factors (bHLH)
MA0982.1,DOF2.4,0.961988437229405,7.27466209068583,AAAAAGA,C2H2 zinc finger factors
MA0020.1,Dof2,0.961980763201767,8.45232298909593,AAAGCG,C2H2 zinc finger factors
MA1406.1,ATHB4,0.96161360591181,12.765226042641,TAATTATTGT,Homeo domain factors
MA0982.1,DOF2.4,0.96154451292199,7.2622030794119,ATAAAGG,C2H2 zinc finger factors
MA0981.1,DOF1.8,0.961505156912358,7.53087369156367,GCAAAAGTAT,C2H2 zinc finger factors
MA0973.1,CDF2,0.961447472815441,11.0308771149209,AATAAAGTAA,C2H2 zinc finger factors
MA1327.2,ATHB23,0.961326408021423,12.440827256873,TCAATTAATA,Homeo domain factors
MA1355.1,TBP3,0.960886150840056,16.4872097368542,GTTAAAGCCCTAATT,Helix-Turn-Helix
MA0931.1,ABI5,0.960640109437007,11.5933071832902,GTCCACGTGG,Basic leucine zipper factors (bZIP)
MA1088.1,WRKY48,0.960166763064292,8.22816460385096,TGGGTCAATT,WRKY
MA1209.1,ATHB20,0.960094253361036,14.3164207048206,ACAATAATTAG,Homeo domain factors
MA0932.1,AHL12,0.960042490802643,9.55391962167715,AATATATT,A.T hook factors
MA0932.1,AHL12,0.960042490802643,9.55391962167715,AATATATT,A.T hook factors
MA0984.1,DOF5.7,0.959713384337447,8.27513077110621,AAAAAATG,C2H2 zinc finger factors
MA1326.1,ZHD5,0.959361229955067,11.7956465757515,CAATAATTAGT,Homeo domain factors
MA0983.1,DOF5.6,0.959302188950001,7.58584035702079,CAAAAAGA,C2H2 zinc finger factors
MA1388.1,AT3G24120,0.959196967597981,8.94591506417475,GGAATAAA,Other
MA1079.1,WRKY21,0.958915461391309,10.2773721119274,ACAGTCAACA,WRKY
MA0982.1,DOF2.4,0.958851242738783,7.18661477974959,CAAAAGT,C2H2 zinc finger factors
MA1093.1,WRKY75,0.958738156454641,9.0519724092582,GGGTCAAT,WRKY
MA0987.1,PHYPADRAFT_140773,0.958273208317577,7.37729606782795,CAAAAAGATC,C2H2 zinc finger factors
MA1027.1,KAN1,0.957866614884745,9.02622703481098,TTATATTC,Tryptophan cluster factors
MA1330.1,ZHD6,0.95767272697238,15.5630407266097,TTTCATAATTAATTA,Homeo domain factors
MA0984.1,DOF5.7,0.957118410490595,8.17241969527101,AAAAAAGT,C2H2 zinc finger factors
MA0983.1,DOF5.6,0.956963383729994,7.50661502820039,GTTAAAGC,C2H2 zinc finger factors
MA1011.1,PHYPADRAFT_72483,0.956506149151043,9.01158870049081,TCCACGTGGT,Basic helix-loop-helix factors (bHLH)
MA1011.1,PHYPADRAFT_72483,0.956506149151043,9.01158870049081,ACCACGTGGA,Basic helix-loop-helix factors (bHLH)
MA1211.1,ATHB18,0.956478890754228,12.0223540051602,TTAATAATTAT,Homeo domain factors
MA1211.1,ATHB18,0.956374958261378,12.0133202907878,ACAATAATTAG,Homeo domain factors
MA1092.1,WRKY63,0.956064360436505,9.95105849711228,GGGTCAAT,WRKY
MA0983.1,DOF5.6,0.955643690347448,7.46191137298359,ATTAAAGC,C2H2 zinc finger factors
MA0964.1,BIM1,0.955309775748586,9.22051469835771,CCACGTGGTG,Basic helix-loop-helix factors (bHLH)
MA1276.1,AT3G52440,0.955261428698357,11.5711635271725,AATAAAGGAAT,C2H2 zinc finger factors
MA0933.1,AHL20,0.954867165326313,10.6614993351781,AATTATAT,A.T hook factors
MA0933.1,AHL20,0.954867165326313,10.6614993351781,AATTATAT,A.T hook factors
MA1198.1,HAT2,0.954526536113932,12.0570209006762,ACTAATTATTG,Homeo domain factors
MA1275.1,AT1G47655,0.954522741211247,11.0229561665641,AGCAAAAGTAT,C2H2 zinc finger factors
MA0989.1,PHYPADRAFT_153324,0.954482016271439,7.60931384756843,ATTAAAGCG,C2H2 zinc finger factors
MA1045.1,NAC043,0.954476985582093,10.8346726366454,ATAAAGTAAA,NAC/NAM
MA0989.1,PHYPADRAFT_153324,0.954298319339907,7.60279706259944,AATAAAGGA,C2H2 zinc finger factors
MA1399.1,At5g08520,0.954237099942738,13.8329990531018,ATATTGGATAAGC,Helix-Turn-Helix
MA0952.1,ATHB-51,0.954201214288423,11.2982966694542,AATTATTA,Homeo domain factors
MA0984.1,DOF5.7,0.954013524316713,8.04952589437504,AAAAGATC,C2H2 zinc finger factors
MA0989.1,PHYPADRAFT_153324,0.953945901936079,7.59029479366694,CAAAAAGAT,C2H2 zinc finger factors
MA0934.1,AHL25,0.953927299001125,10.1092271439118,ATATAATT,A.T hook factors
MA0934.1,AHL25,0.953927299001125,10.1092271439118,ATATAATT,A.T hook factors
MA0934.1,AHL25,0.953927299001125,10.1092271439118,AATTATAT,A.T hook factors
MA0934.1,AHL25,0.953927299001125,10.1092271439118,AATTATAT,A.T hook factors
MA1018.1,GATA9,0.953888034951042,11.6071370475364,TAAAGATCTAT,Other C4 zinc finger-type factors
MA1190.1,RVE5,0.953552180749577,14.3473968549289,AGATTTTTTTG,Helix-Turn-Helix
MA1024.1,HAT1,0.953209160011326,11.165001736682,CTAATCATCC,Homeo domain factors
MA0952.1,ATHB-51,0.953086033469147,11.2280444733571,AATTATTT,Homeo domain factors
MA0952.1,ATHB-51,0.953086033469146,11.2280444733571,AATTATTT,Homeo domain factors
MA1369.1,HDG1,0.953081661746407,12.7954297939047,ATAATTAATTA,Homeo domain factors
MA0983.1,DOF5.6,0.952892432810152,7.3687145213615,AATAAAGA,C2H2 zinc finger factors
MA1215.1,ATHB53,0.952837512012746,13.2239934178729,AAAATAATTAT,Homeo domain factors
MA1385.1,AT2G40260,0.952787035279149,15.3949873376498,TTATTATATTCCTTC,Other
MA0982.1,DOF2.4,0.952765656142002,7.01581901400474,ATAAAGA,C2H2 zinc finger factors
MA0966.1,BIM3,0.952761070862891,9.9440098215784,TCCACGTGGT,Basic helix-loop-helix factors (bHLH)
MA0966.1,BIM3,0.952761070862891,9.9440098215784,ACCACGTGGA,Basic helix-loop-helix factors (bHLH)
MA1326.1,ZHD5,0.951829126583774,11.17954575345,AATTAATTAAT,Homeo domain factors
MA1018.1,GATA9,0.951636989058693,11.4387474818174,AATAGATCTTT,Other C4 zinc finger-type factors
MA0932.1,AHL12,0.95158746286976,9.13459050920804,AATTAATC,A.T hook factors
MA0932.1,AHL12,0.95158746286976,9.13459050920804,GATTAATT,A.T hook factors
MA1037.1,MYB24,0.951219352997384,8.8395434079,TTGTTTGGT,Tryptophan cluster factors
MA1091.1,WRKY62,0.951008676572416,10.8204093287418,CAGTCAAC,WRKY
MA1089.1,WRKY57,0.950963738821054,10.9733217469236,ACAGTCAACA,WRKY
MA1198.1,HAT2,0.950930598986028,11.7345753710722,TATAATTATTA,Homeo domain factors
MA0965.1,BIM2,0.95089977057262,9.28876328836837,TCCACGTGGT,Basic helix-loop-helix factors (bHLH)
MA0965.1,BIM2,0.95089977057262,9.28876328836837,ACCACGTGGA,Basic helix-loop-helix factors (bHLH)
MA0987.1,PHYPADRAFT_140773,0.950739226809706,7.15065222356286,GGGAAAGTGA,C2H2 zinc finger factors
MA0982.1,DOF2.4,0.950688503886337,6.95752244646225,AAAACGT,C2H2 zinc finger factors
MA1381.1,AT3G46070,0.950567363348419,13.6155394337451,TCTGCTTCACTCCCA,C2H2 zinc finger factors
MA0984.1,DOF5.7,0.950350348358863,7.90453455118259,AAAAAACG,C2H2 zinc finger factors
MA0984.1,DOF5.7,0.950350348358863,7.90453455118259,AAAAAACG,C2H2 zinc finger factors
MA0053.1,MNB1A,0.950072148936894,7.47280631288882,AAAGA,C2H2 zinc finger factors
MA0053.1,MNB1A,0.950072148936894,7.47280631288882,AAAGT,C2H2 zinc finger factors
MA0053.1,MNB1A,0.950072148936894,7.47280631288882,AAAGT,C2H2 zinc finger factors
MA0053.1,MNB1A,0.950072148936894,7.47280631288882,AAAGA,C2H2 zinc finger factors
MA0053.1,MNB1A,0.950072148936894,7.47280631288882,AAAGA,C2H2 zinc finger factors
MA0053.1,MNB1A,0.950072148936894,7.47280631288882,AAAGT,C2H2 zinc finger factors
MA0053.1,MNB1A,0.950072148936894,7.47280631288882,AAAGA,C2H2 zinc finger factors
MA0053.1,MNB1A,0.950072148936894,7.47280631288882,AAAGT,C2H2 zinc finger factors
MA0053.1,MNB1A,0.950072148936894,7.47280631288882,AAAGT,C2H2 zinc finger factors
MA0053.1,MNB1A,0.950072148936894,7.47280631288882,AAAGA,C2H2 zinc finger factors
MA0053.1,MNB1A,0.950072148936894,7.47280631288882,AAAGT,C2H2 zinc finger factors
MA0053.1,MNB1A,0.950072148936894,7.47280631288882,AAAGA,C2H2 zinc finger factors
MA0053.1,MNB1A,0.950072148936894,7.47280631288882,AAAGT,C2H2 zinc finger factors
MA0053.1,MNB1A,0.950072148936894,7.47280631288882,AAAGA,C2H2 zinc finger factors
